<?xml version="1.0" encoding="UTF-8"?>
<solver>
<!-- Domain model configuration -->

<environmentMode>FAST_ASSERT</environmentMode>
<scanAnnotatedClasses/>
<!-- Score configuration -->
<scoreDirectorFactory>
<easyScoreCalculatorClass>com.example.optaplannerdemo.EasyScheduleAssignement</easyScoreCalculatorClass>
<!-- <initializingScoreTrend>ONLY_DOWN</initializingScoreTrend>-->
<!--
<scoreDrl>org/optaplanner/examples/cloudbalancing/solver/cloudBalancingScoreRules.
drl</scoreDrl>-->
</scoreDirectorFactory>
<!-- Optimization algorithms configuration -->
<termination>
   <secondsSpentLimit>10</secondsSpentLimit>
</termination>
</solver>
